date,home_team
4/9/1990,BOS
4/9/1990,ANA
4/9/1990,CHA
4/9/1990,KCA
4/9/1990,OAK
4/9/1990,TEX
4/9/1990,HOU
4/9/1990,LAN
4/9/1990,NYN
4/9/1990,SLN
4/10/1990,MIL
4/10/1990,TOR
4/10/1990,CHN
4/10/1990,SDN
4/11/1990,ATL
4/12/1990,DET
4/12/1990,NYA
4/13/1990,SEA
4/13/1990,MON
4/13/1990,PHI
4/13/1990,PIT
4/13/1990,SFN
4/17/1990,CIN
4/19/1990,BAL
4/19/1990,CLE
4/20/1990,MIN
5/28/1990,ANA
5/28/1990,CHA
5/28/1990,KCA
5/28/1990,MIN
5/28/1990,OAK
5/28/1990,SEA
5/28/1990,TEX
5/28/1990,ATL
5/28/1990,CHN
5/28/1990,HOU
5/28/1990,PHI
5/28/1990,PIT
6/24/1990,MON
7/1/1990,TOR
7/4/1990,CHA
7/4/1990,CLE
7/4/1990,KCA
7/4/1990,MIL
7/4/1990,MIN
7/4/1990,TEX
7/4/1990,LAN
7/4/1990,NYN
7/4/1990,PHI
7/4/1990,SDN
7/4/1990,SFN
9/3/1990,BAL
9/3/1990,BOS
9/3/1990,CHA
9/3/1990,DET
9/3/1990,MIL
9/3/1990,MIL
9/3/1990,NYA
9/3/1990,TEX
9/3/1990,ATL
9/3/1990,LAN
9/3/1990,MON
9/3/1990,PIT
9/3/1990,SDN
9/3/1990,SLN
4/8/1991,BAL
4/8/1991,DET
4/8/1991,KCA
4/8/1991,TEX
4/8/1991,TOR
4/8/1991,CIN
4/8/1991,NYN
4/8/1991,PIT
4/9/1991,OAK
4/9/1991,SEA
4/9/1991,CHN
4/9/1991,SDN
4/10/1991,ATL
4/11/1991,BOS
4/12/1991,MIN
4/12/1991,HOU
4/12/1991,LAN
4/12/1991,PHI
4/15/1991,ANA
4/15/1991,MIL
4/15/1991,NYA
4/15/1991,MON
4/15/1991,SFN
4/16/1991,CLE
4/18/1991,CHA
4/19/1991,SLN
5/27/1991,BAL
5/27/1991,MIL
5/27/1991,NYA
5/27/1991,SEA
5/27/1991,TEX
5/27/1991,CHN
5/27/1991,LAN
5/27/1991,PHI
5/27/1991,SDN
5/27/1991,SFN
5/27/1991,SLN
7/1/1991,TOR
7/4/1991,BOS
7/4/1991,ANA
7/4/1991,CLE
7/4/1991,NYA
7/4/1991,SEA
7/4/1991,TEX
7/4/1991,ATL
7/4/1991,CHN
7/4/1991,PHI
7/4/1991,SDN
7/4/1991,SFN
9/2/1991,CHA
9/2/1991,MIL
9/2/1991,MIN
9/2/1991,SEA
9/2/1991,TEX
9/2/1991,TOR
9/2/1991,LAN
9/2/1991,MON
9/2/1991,NYN
9/2/1991,PHI
9/2/1991,SDN
9/2/1991,SFN
4/6/1992,BAL
4/6/1992,DET
4/6/1992,MIL
4/6/1992,OAK
4/6/1992,SEA
4/6/1992,CIN
4/6/1992,LAN
4/6/1992,PIT
4/6/1992,SLN
4/7/1992,ANA
4/7/1992,NYA
4/7/1992,HOU
4/7/1992,PHI
4/9/1992,ATL
4/9/1992,SDN
4/10/1992,MIN
4/10/1992,TOR
4/10/1992,CHN
4/10/1992,NYN
4/11/1992,CLE
4/13/1992,BOS
4/13/1992,CHA
4/13/1992,KCA
4/13/1992,TEX
4/13/1992,MON
4/14/1992,SFN
5/25/1992,NYA
5/25/1992,OAK
5/25/1992,SEA
5/25/1992,NYN
5/25/1992,PHI
5/25/1992,SDN
5/25/1992,SLN
6/24/1992,MON
7/1/1992,TOR
7/3/1992,CHA
7/3/1992,CLE
7/3/1992,DET
7/3/1992,DET
7/3/1992,KCA
7/3/1992,MIN
7/3/1992,TEX
7/3/1992,ATL
7/3/1992,LAN
7/3/1992,LAN
7/3/1992,PIT
7/3/1992,SDN
7/3/1992,SFN
7/4/1992,CHA
7/4/1992,CLE
7/4/1992,DET
7/4/1992,MIN
7/4/1992,TEX
7/4/1992,ATL
7/4/1992,LAN
7/4/1992,NYN
7/4/1992,NYN
7/4/1992,PIT
7/4/1992,SDN
7/4/1992,SFN
9/7/1992,BAL
9/7/1992,ANA
9/7/1992,KCA
9/7/1992,MIL
9/7/1992,MIN
9/7/1992,TEX
9/7/1992,ATL
9/7/1992,HOU
9/7/1992,MON
9/7/1992,PHI
9/7/1992,PIT
9/7/1992,SFN
4/5/1993,BAL
4/5/1993,CLE
4/5/1993,KCA
4/5/1993,OAK
4/5/1993,CHN
4/5/1993,CIN
4/5/1993,ANA
4/5/1993,HOU
4/5/1993,NYN
4/6/1993,ANA
4/6/1993,MIN
4/6/1993,SEA
4/6/1993,PIT
4/6/1993,SLN
4/8/1993,ATL
4/9/1993,CHA
4/9/1993,TEX
4/9/1993,TOR
4/9/1993,COL
4/9/1993,PHI
4/12/1993,MIL
4/12/1993,NYA
4/12/1993,SDN
4/12/1993,SFN
4/13/1993,BOS
4/13/1993,DET
4/13/1993,LAN
4/13/1993,MON
5/31/1993,BOS
5/31/1993,ANA
5/31/1993,MIN
5/31/1993,NYA
5/31/1993,OAK
5/31/1993,ATL
5/31/1993,CHN
5/31/1993,CIN
5/31/1993,COL
5/31/1993,HOU
5/31/1993,SLN
7/4/1993,ANA
7/4/1993,CHA
7/4/1993,DET
7/4/1993,KCA
7/4/1993,MIN
7/4/1993,OAK
7/4/1993,SEA
7/4/1993,ATL
7/4/1993,CIN
7/4/1993,COL
7/4/1993,HOU
7/4/1993,NYN
7/4/1993,PHI
7/5/1993,ANA
7/5/1993,KCA
7/5/1993,MIL
7/5/1993,MIN
7/5/1993,OAK
7/5/1993,OAK
7/5/1993,SEA
7/5/1993,ATL
7/5/1993,CIN
7/5/1993,COL
7/5/1993,HOU
7/5/1993,NYN
7/5/1993,PHI
9/6/1993,BAL
9/6/1993,CHA
9/6/1993,KCA
9/6/1993,TEX
9/6/1993,HOU
9/6/1993,LAN
9/6/1993,MON
9/6/1993,PHI
9/6/1993,SDN
9/6/1993,SFN
4/3/1994,CIN
4/4/1994,BAL
4/4/1994,BOS
4/4/1994,CLE
4/4/1994,NYA
4/4/1994,TOR
4/4/1994,CHN
4/4/1994,COL
4/4/1994,HOU
4/4/1994,SDN
4/4/1994,SFN
4/5/1994,MIL
4/5/1994,MIN
4/5/1994,LAN
4/8/1994,CHA
4/8/1994,KCA
4/8/1994,MON
4/8/1994,PIT
4/11/1994,ANA
4/11/1994,DET
4/11/1994,OAK
4/11/1994,SEA
4/11/1994,TEX
4/11/1994,NYN
4/11/1994,PHI
4/12/1994,ATL
4/12/1994,ANA
4/12/1994,SLN
5/30/1994,BAL
5/30/1994,BOS
5/30/1994,CLE
5/30/1994,MIL
5/30/1994,MIN
5/30/1994,NYA
5/30/1994,CHN
5/30/1994,CIN
5/30/1994,HOU
5/30/1994,LAN
5/30/1994,NYN
5/30/1994,SDN
5/30/1994,SFN
6/24/1994,MON
7/4/1994,BAL
7/4/1994,BOS
7/4/1994,CHA
7/4/1994,CLE
7/4/1994,KCA
7/4/1994,NYA
7/4/1994,TEX
7/4/1994,CHN
7/4/1994,CHN
7/4/1994,ANA
7/4/1994,LAN
7/4/1994,SDN
7/4/1994,SFN
7/4/1994,SLN
4/25/1995,ANA
4/26/1995,BOS
4/26/1995,ANA
4/26/1995,KCA
4/26/1995,MIL
4/26/1995,NYA
4/26/1995,TOR
4/26/1995,ATL
4/26/1995,CIN
4/26/1995,COL
4/26/1995,PIT
4/26/1995,SDN
4/26/1995,SLN
4/27/1995,CHA
4/27/1995,MIN
4/27/1995,SEA
4/27/1995,TEX
4/28/1995,CHN
4/28/1995,HOU
4/28/1995,LAN
4/28/1995,NYN
4/28/1995,PHI
4/28/1995,SFN
5/1/1995,BAL
5/2/1995,DET
5/2/1995,MON
5/5/1995,CLE
5/5/1995,OAK
5/29/1995,ANA
5/29/1995,CLE
5/29/1995,KCA
5/29/1995,MIL
5/29/1995,OAK
5/29/1995,SEA
5/29/1995,CHN
5/29/1995,ANA
5/29/1995,NYN
5/29/1995,PHI
5/29/1995,SLN
6/24/1995,MON
7/1/1995,TOR
7/4/1995,BAL
7/4/1995,ANA
7/4/1995,CHA
7/4/1995,CLE
7/4/1995,DET
7/4/1995,KCA
7/4/1995,OAK
7/4/1995,ATL
7/4/1995,CIN
7/4/1995,COL
7/4/1995,ANA
7/4/1995,NYN
7/4/1995,PIT
7/4/1995,SLN
9/4/1995,BAL
9/4/1995,DET
9/4/1995,KCA
9/4/1995,KCA
9/4/1995,MIN
9/4/1995,NYA
9/4/1995,TEX
9/4/1995,ATL
9/4/1995,CHN
9/4/1995,ANA
9/4/1995,HOU
9/4/1995,LAN
9/4/1995,SDN
9/4/1995,SFN
3/31/1996,SEA
4/1/1996,MIN
4/1/1996,OAK
4/1/1996,TEX
4/1/1996,ATL
4/1/1996,CHN
4/1/1996,ANA
4/1/1996,HOU
4/1/1996,NYN
4/2/1996,BAL
4/2/1996,ANA
4/2/1996,CLE
4/2/1996,CIN
4/2/1996,PHI
4/5/1996,KCA
4/5/1996,MON
4/8/1996,COL
4/8/1996,LAN
4/8/1996,PIT
4/8/1996,SDN
4/8/1996,SLN
4/9/1996,BOS
4/9/1996,CHA
4/9/1996,DET
4/9/1996,MIL
4/9/1996,NYA
4/9/1996,TOR
4/12/1996,SFN
5/27/1996,ANA
5/27/1996,KCA
5/27/1996,OAK
5/27/1996,TEX
5/27/1996,CHN
5/27/1996,ANA
5/27/1996,PIT
5/27/1996,SLN
6/24/1996,MON
7/1/1996,TOR
7/4/1996,BAL
7/4/1996,CLE
7/4/1996,DET
7/4/1996,MIN
7/4/1996,NYA
7/4/1996,OAK
7/4/1996,TEX
7/4/1996,ATL
7/4/1996,CHN
7/4/1996,LAN
7/4/1996,PHI
7/4/1996,PIT
7/4/1996,SDN
9/2/1996,ANA
9/2/1996,CHA
9/2/1996,MIL
9/2/1996,OAK
9/2/1996,SEA
9/2/1996,TEX
9/2/1996,TOR
9/2/1996,CIN
9/2/1996,ANA
9/2/1996,MON
9/2/1996,NYN
9/2/1996,PHI
9/2/1996,PIT
9/2/1996,SLN
4/1/1997,CIN
4/1/1997,ANA
4/1/1997,HOU
4/1/1997,LAN
4/1/1997,MON
4/1/1997,SDN
4/1/1997,SFN
4/1/1997,MIN
4/1/1997,SEA
4/1/1997,TEX
4/1/1997,TOR
4/2/1997,ANA
4/2/1997,BAL
4/2/1997,OAK
4/4/1997,ATL
4/4/1997,CHA
4/7/1997,COL
4/7/1997,DET
4/7/1997,KCA
4/7/1997,MIL
4/8/1997,CHN
4/8/1997,SLN
4/11/1997,PHI
4/11/1997,PIT
4/11/1997,BOS
4/11/1997,CLE
4/11/1997,NYA
4/13/1997,NYN
5/26/1997,CIN
5/26/1997,CIN
5/26/1997,COL
5/26/1997,LAN
5/26/1997,PIT
5/26/1997,SDN
5/26/1997,SFN
5/26/1997,BOS
5/26/1997,CHA
5/26/1997,DET
5/26/1997,KCA
5/26/1997,MIN
5/26/1997,NYA
6/24/1997,MON
7/1/1997,TOR
7/4/1997,HOU
7/4/1997,NYN
7/4/1997,PHI
7/4/1997,SDN
7/4/1997,SFN
7/4/1997,SLN
7/4/1997,ANA
7/4/1997,CHA
7/4/1997,CLE
7/4/1997,DET
7/4/1997,DET
7/4/1997,MIL
7/4/1997,TEX
9/1/1997,ATL
9/1/1997,CHN
9/1/1997,CIN
9/1/1997,ANA
9/1/1997,HOU
9/1/1997,MON
9/1/1997,NYN
9/1/1997,PHI
9/1/1997,PIT
9/1/1997,SLN
9/1/1997,ANA
9/1/1997,OAK
9/1/1997,SEA
3/31/1998,BAL
3/31/1998,SEA
3/31/1998,TBA
3/31/1998,TEX
3/31/1998,ARI
3/31/1998,ATL
3/31/1998,CIN
3/31/1998,ANA
3/31/1998,HOU
3/31/1998,NYN
3/31/1998,SLN
4/1/1998,ANA
4/1/1998,OAK
4/1/1998,TOR
4/1/1998,MON
4/3/1998,MIN
4/3/1998,CHN
4/6/1998,CHA
4/7/1998,DET
4/7/1998,KCA
4/7/1998,COL
4/7/1998,LAN
4/7/1998,MIL
4/7/1998,PHI
4/7/1998,PIT
4/7/1998,SDN
4/7/1998,SFN
4/10/1998,BOS
4/10/1998,CLE
4/10/1998,NYA
5/25/1998,ANA
5/25/1998,BOS
5/25/1998,CHA
5/25/1998,CLE
5/25/1998,OAK
5/25/1998,SEA
5/25/1998,TEX
5/25/1998,ARI
5/25/1998,ATL
5/25/1998,CIN
5/25/1998,HOU
5/25/1998,SLN
6/24/1998,MON
7/1/1998,TOR
7/3/1998,ANA
7/3/1998,BOS
7/3/1998,KCA
7/3/1998,MIN
7/3/1998,NYA
7/3/1998,TEX
7/3/1998,ATL
7/3/1998,CHN
7/3/1998,CIN
7/3/1998,HOU
7/3/1998,PHI
7/3/1998,SDN
7/3/1998,SFN
7/4/1998,ANA
7/4/1998,BOS
7/4/1998,KCA
7/4/1998,MIN
7/4/1998,NYA
7/4/1998,TEX
7/4/1998,ATL
7/4/1998,CHN
7/4/1998,CIN
7/4/1998,HOU
7/4/1998,PHI
7/4/1998,SDN
7/4/1998,SFN
9/7/1998,BOS
9/7/1998,CHA
9/7/1998,SEA
9/7/1998,TEX
9/7/1998,TOR
9/7/1998,ARI
9/7/1998,COL
9/7/1998,HOU
9/7/1998,NYN
9/7/1998,PIT
9/7/1998,SDN
9/7/1998,SLN
4/4/1999,SDN
4/5/1999,BAL
4/5/1999,KCA
4/5/1999,OAK
4/5/1999,SEA
4/5/1999,TEX
4/5/1999,ATL
4/5/1999,CIN
4/5/1999,ANA
4/5/1999,LAN
4/5/1999,PIT
4/5/1999,SLN
4/6/1999,ANA
4/6/1999,MIN
4/6/1999,HOU
4/8/1999,MON
4/8/1999,SFN
4/9/1999,CHA
4/9/1999,NYA
4/9/1999,TBA
4/12/1999,CLE
4/12/1999,DET
4/12/1999,TOR
4/12/1999,ARI
4/12/1999,CHN
4/12/1999,COL
4/12/1999,NYN
4/12/1999,PHI
4/13/1999,BOS
4/16/1999,MIL
5/31/1999,ANA
5/31/1999,BOS
5/31/1999,NYA
5/31/1999,OAK
5/31/1999,SEA
5/31/1999,TEX
5/31/1999,ATL
5/31/1999,ANA
5/31/1999,MIL
5/31/1999,NYN
5/31/1999,PHI
5/31/1999,PIT
7/1/1999,TOR
7/4/1999,CHA
7/4/1999,CLE
7/4/1999,MIN
7/4/1999,NYA
7/4/1999,OAK
7/4/1999,TEX
7/4/1999,CIN
7/4/1999,COL
7/4/1999,ANA
7/4/1999,LAN
7/4/1999,NYN
7/4/1999,PHI
7/4/1999,PIT
7/4/1999,SLN
7/5/1999,ANA
7/5/1999,NYA
7/5/1999,OAK
7/5/1999,TBA
7/5/1999,ATL
7/5/1999,CIN
7/5/1999,COL
7/5/1999,NYN
7/5/1999,PHI
7/5/1999,PIT
7/5/1999,SDN
7/5/1999,SLN
9/6/1999,ANA
9/6/1999,BAL
9/6/1999,OAK
9/6/1999,SEA
9/6/1999,TBA
9/6/1999,TEX
9/6/1999,TEX
9/6/1999,ATL
9/6/1999,CHN
9/6/1999,ANA
9/6/1999,MON
9/6/1999,NYN
9/6/1999,PHI
9/6/1999,PIT
3/29/2000,NYN
3/30/2000,CHN
4/3/2000,ATL
4/3/2000,CIN
4/3/2000,ANA
4/3/2000,MON
4/3/2000,SLN
4/3/2000,ANA
4/3/2000,BAL
4/3/2000,MIN
4/3/2000,OAK
4/3/2000,TEX
4/3/2000,TOR
4/4/2000,ARI
4/4/2000,PIT
4/4/2000,SEA
4/7/2000,HOU
4/7/2000,KCA
4/7/2000,TBA
4/10/2000,COL
4/10/2000,MIL
4/10/2000,PHI
4/10/2000,SDN
4/11/2000,SFN
4/11/2000,BOS
4/11/2000,DET
4/12/2000,NYA
4/14/2000,LAN
4/14/2000,CHA
4/14/2000,CLE
5/29/2000,ARI
5/29/2000,CHN
5/29/2000,COL
5/29/2000,LAN
5/29/2000,PIT
5/29/2000,SDN
5/29/2000,SFN
5/29/2000,CLE
5/29/2000,DET
5/29/2000,NYA
5/29/2000,SEA
5/29/2000,TBA
6/24/2000,MON
7/4/2000,ATL
7/4/2000,CHN
7/4/2000,ANA
7/4/2000,HOU
7/4/2000,MIL
7/4/2000,SDN
7/4/2000,SFN
7/4/2000,SFN
7/4/2000,SLN
7/4/2000,ANA
7/4/2000,CLE
7/4/2000,KCA
7/4/2000,MIN
7/4/2000,NYA
7/4/2000,TBA
7/4/2000,TEX
9/4/2000,CIN
9/4/2000,COL
9/4/2000,HOU
9/4/2000,LAN
9/4/2000,SDN
9/4/2000,SFN
9/4/2000,SLN
9/4/2000,BOS
9/4/2000,CHA
9/4/2000,CLE
9/4/2000,DET
9/4/2000,KCA
9/4/2000,MIN
9/4/2000,TOR
4/1/2001,TOR
4/2/2001,BAL
4/2/2001,CLE
4/2/2001,NYA
4/2/2001,SEA
4/2/2001,CHN
4/2/2001,CIN
4/2/2001,COL
4/2/2001,ANA
4/2/2001,LAN
4/2/2001,SFN
4/3/2001,DET
4/3/2001,TBA
4/3/2001,TEX
4/3/2001,ATL
4/3/2001,HOU
4/6/2001,BOS
4/6/2001,CHA
4/6/2001,KCA
4/6/2001,OAK
4/6/2001,ARI
4/6/2001,MIL
4/6/2001,MON
4/6/2001,PHI
4/9/2001,MIN
4/9/2001,NYN
4/9/2001,PIT
4/9/2001,SLN
4/10/2001,ANA
4/10/2001,SDN
5/28/2001,BAL
5/28/2001,BOS
5/28/2001,CHA
5/28/2001,DET
5/28/2001,KCA
5/28/2001,TBA
5/28/2001,ATL
5/28/2001,CIN
5/28/2001,LAN
5/28/2001,NYN
5/28/2001,PIT
5/28/2001,SFN
5/28/2001,SLN
7/1/2001,TOR
7/4/2001,BAL
7/4/2001,CHA
7/4/2001,CLE
7/4/2001,DET
7/4/2001,OAK
7/4/2001,TBA
7/4/2001,TEX
7/4/2001,ATL
7/4/2001,CIN
7/4/2001,HOU
7/4/2001,LAN
7/4/2001,MIL
7/4/2001,NYN
7/4/2001,SDN
9/3/2001,CHA
9/3/2001,OAK
9/3/2001,SEA
9/3/2001,TOR
9/3/2001,CIN
9/3/2001,ANA
9/3/2001,MON
9/3/2001,PHI
9/3/2001,PIT
9/3/2001,PIT
9/3/2001,SDN
9/3/2001,SFN
3/31/2002,ANA
4/1/2002,BAL
4/1/2002,BOS
4/1/2002,KCA
4/1/2002,OAK
4/1/2002,SEA
4/1/2002,ARI
4/1/2002,ATL
4/1/2002,CIN
4/1/2002,NYN
4/1/2002,SLN
4/2/2002,TBA
4/2/2002,HOU
4/2/2002,LAN
4/2/2002,MON
4/4/2002,TOR
4/5/2002,DET
4/5/2002,NYA
4/5/2002,TEX
4/5/2002,CHN
4/5/2002,MIL
4/5/2002,PHI
4/5/2002,SFN
4/8/2002,CLE
4/8/2002,COL
4/8/2002,ANA
4/8/2002,PIT
4/8/2002,SDN
4/12/2002,CHA
4/12/2002,MIN
5/27/2002,CHA
5/27/2002,CLE
5/27/2002,TEX
5/27/2002,ATL
5/27/2002,HOU
5/27/2002,LAN
5/27/2002,NYN
5/27/2002,PIT
5/27/2002,SDN
5/27/2002,SFN
7/4/2002,ANA
7/4/2002,BOS
7/4/2002,CHA
7/4/2002,NYA
7/4/2002,OAK
7/4/2002,SEA
7/4/2002,TEX
7/4/2002,ARI
7/4/2002,ATL
7/4/2002,CIN
7/4/2002,ANA
7/4/2002,PHI
7/4/2002,PIT
7/4/2002,SLN
9/2/2002,DET
9/2/2002,NYA
9/2/2002,OAK
9/2/2002,SEA
9/2/2002,TEX
9/2/2002,TOR
9/2/2002,ARI
9/2/2002,ATL
9/2/2002,CHN
9/2/2002,CHN
9/2/2002,MON
9/2/2002,SDN
9/2/2002,SLN
3/30/2003,ANA
3/31/2003,BAL
3/31/2003,DET
3/31/2003,KCA
3/31/2003,TBA
3/31/2003,TOR
3/31/2003,ARI
3/31/2003,ATL
3/31/2003,CIN
3/31/2003,ANA
3/31/2003,NYN
3/31/2003,SDN
3/31/2003,SLN
4/1/2003,OAK
4/1/2003,HOU
4/4/2003,CHA
4/4/2003,MIN
4/4/2003,TEX
4/4/2003,COL
4/4/2003,MIL
4/4/2003,PHI
4/7/2003,LAN
4/7/2003,SFN
4/8/2003,CLE
4/8/2003,NYA
4/8/2003,SEA
4/8/2003,CHN
4/8/2003,PIT
4/11/2003,MON
4/12/2003,BOS
5/26/2003,DET
5/26/2003,NYA
5/26/2003,ARI
5/26/2003,ATL
5/26/2003,CHN
5/26/2003,COL
5/26/2003,ANA
5/26/2003,SLN
6/24/2003,MON
7/4/2003,BAL
7/4/2003,KCA
7/4/2003,MIN
7/4/2003,NYA
7/4/2003,OAK
7/4/2003,TBA
7/4/2003,TEX
7/4/2003,ATL
7/4/2003,CHN
7/4/2003,CIN
7/4/2003,LAN
7/4/2003,MIL
7/4/2003,PHI
7/4/2003,PIT
7/4/2003,SDN
9/1/2003,DET
9/1/2003,MIN
9/1/2003,TEX
9/1/2003,TOR
9/1/2003,ARI
9/1/2003,CHN
9/1/2003,ANA
9/1/2003,LAN
9/1/2003,MIL
9/1/2003,NYN
9/1/2003,PHI
3/30/2004,TBA
4/4/2004,BAL
4/5/2004,CIN
4/5/2004,HOU
4/5/2004,LAN
4/5/2004,PIT
4/5/2004,SLN
4/5/2004,KCA
4/5/2004,MIN
4/5/2004,OAK
4/5/2004,TOR
4/6/2004,ARI
4/6/2004,ATL
4/6/2004,ANA
4/6/2004,SEA
4/8/2004,SDN
4/8/2004,DET
4/8/2004,NYA
4/9/2004,MIL
4/9/2004,MON
4/9/2004,BOS
4/9/2004,TEX
4/12/2004,CHN
4/12/2004,COL
4/12/2004,NYN
4/12/2004,PHI
4/12/2004,SFN
4/12/2004,CLE
4/13/2004,ANA
4/13/2004,CHA
5/31/2004,ARI
5/31/2004,ATL
5/31/2004,CHN
5/31/2004,ANA
5/31/2004,LAN
5/31/2004,PHI
5/31/2004,PIT
5/31/2004,SDN
5/31/2004,BOS
5/31/2004,DET
5/31/2004,MIN
5/31/2004,SEA
6/24/2004,MON
7/4/2004,ARI
7/4/2004,ATL
7/4/2004,CHN
7/4/2004,CIN
7/4/2004,COL
7/4/2004,ANA
7/4/2004,HOU
7/4/2004,NYN
7/4/2004,PHI
7/4/2004,PIT
7/4/2004,SDN
7/4/2004,SFN
7/4/2004,SLN
7/4/2004,ANA
7/5/2004,ANA
7/5/2004,LAN
7/5/2004,MIL
7/5/2004,PHI
7/5/2004,SDN
7/5/2004,SFN
7/5/2004,SLN
7/5/2004,BAL
7/5/2004,BAL
7/5/2004,CLE
7/5/2004,MIN
7/5/2004,NYA
9/6/2004,ATL
9/6/2004,CHN
9/6/2004,HOU
9/6/2004,PIT
9/6/2004,SDN
9/6/2004,BAL
9/6/2004,DET
9/6/2004,NYA
9/6/2004,OAK
9/6/2004,SEA
9/6/2004,TEX
4/3/2005,NYA
4/4/2005,BAL
4/4/2005,CHA
4/4/2005,DET
4/4/2005,SEA
4/4/2005,TBA
4/4/2005,ARI
4/4/2005,CIN
4/4/2005,COL
4/4/2005,PHI
4/4/2005,PIT
4/5/2005,ANA
4/5/2005,ANA
4/5/2005,HOU
4/5/2005,SFN
4/7/2005,SDN
4/8/2005,MIN
4/8/2005,TOR
4/8/2005,ATL
4/8/2005,CHN
4/8/2005,SLN
4/11/2005,BOS
4/11/2005,CLE
4/11/2005,KCA
4/11/2005,OAK
4/11/2005,TEX
4/11/2005,MIL
4/11/2005,NYN
4/12/2005,LAN
4/14/2005,WAS
5/30/2005,BOS
5/30/2005,CHA
5/30/2005,OAK
5/30/2005,SEA
5/30/2005,COL
5/30/2005,HOU
5/30/2005,LAN
5/30/2005,PIT
5/30/2005,SDN
5/30/2005,WAS
7/4/2005,ANA
7/4/2005,CHA
7/4/2005,CLE
7/4/2005,CLE
7/4/2005,KCA
7/4/2005,NYA
7/4/2005,TEX
7/4/2005,ARI
7/4/2005,ATL
7/4/2005,COL
7/4/2005,ANA
7/4/2005,HOU
7/4/2005,PIT
7/4/2005,SFN
7/4/2005,WAS
9/5/2005,BAL
9/5/2005,BOS
9/5/2005,DET
9/5/2005,MIN
9/5/2005,OAK
9/5/2005,ATL
9/5/2005,CIN
9/5/2005,LAN
9/5/2005,PHI
9/5/2005,SLN
9/5/2005,WAS
4/2/2006,CHA
4/3/2006,BAL
4/3/2006,KCA
4/3/2006,OAK
4/3/2006,SEA
4/3/2006,TEX
4/3/2006,CIN
4/3/2006,COL
4/3/2006,HOU
4/3/2006,LAN
4/3/2006,MIL
4/3/2006,NYN
4/3/2006,PHI
4/3/2006,SDN
4/4/2006,TOR
4/6/2006,SFN
4/7/2006,ANA
4/7/2006,CLE
4/7/2006,CHN
4/10/2006,DET
4/10/2006,TBA
4/10/2006,ATL
4/10/2006,PIT
4/10/2006,SLN
4/11/2006,BOS
4/11/2006,MIN
4/11/2006,NYA
4/11/2006,ARI
4/11/2006,ANA
4/11/2006,WAS
5/29/2006,ANA
5/29/2006,CLE
5/29/2006,DET
5/29/2006,OAK
5/29/2006,TEX
5/29/2006,ATL
5/29/2006,CHN
5/29/2006,ANA
5/29/2006,NYN
5/29/2006,PHI
5/29/2006,PIT
5/29/2006,SDN
5/29/2006,SLN
7/1/2006,TOR
7/4/2006,CHA
7/4/2006,CLE
7/4/2006,KCA
7/4/2006,OAK
7/4/2006,SEA
7/4/2006,TBA
7/4/2006,TEX
7/4/2006,ATL
7/4/2006,COL
7/4/2006,HOU
7/4/2006,LAN
7/4/2006,MIL
7/4/2006,NYN
7/4/2006,PHI
7/4/2006,WAS
9/4/2006,ANA
9/4/2006,BOS
9/4/2006,DET
9/4/2006,KCA
9/4/2006,OAK
9/4/2006,TBA
9/4/2006,TOR
9/4/2006,CHN
9/4/2006,CIN
9/4/2006,ANA
9/4/2006,MIL
9/4/2006,NYN
9/4/2006,PHI
9/4/2006,SDN
9/4/2006,WAS
4/1/2007,SLN
4/2/2007,CIN
4/2/2007,COL
4/2/2007,HOU
4/2/2007,MIL
4/2/2007,PHI
4/2/2007,WAS
4/2/2007,ANA
4/2/2007,CHA
4/2/2007,DET
4/2/2007,KCA
4/2/2007,MIN
4/2/2007,NYA
4/2/2007,SEA
4/3/2007,SFN
4/6/2007,ATL
4/6/2007,ANA
4/6/2007,SDN
4/6/2007,TBA
4/6/2007,TEX
4/9/2007,ARI
4/9/2007,CHN
4/9/2007,LAN
4/9/2007,NYN
4/9/2007,PIT
4/9/2007,BAL
4/9/2007,OAK
4/9/2007,TOR
4/10/2007,BOS
4/10/2007,CLE
5/28/2007,CHN
5/28/2007,CIN
5/28/2007,COL
5/28/2007,MIL
5/28/2007,PHI
5/28/2007,ANA
5/28/2007,BOS
5/28/2007,KCA
5/28/2007,MIN
5/28/2007,OAK
5/28/2007,TBA
7/4/2007,CIN
7/4/2007,COL
7/4/2007,HOU
7/4/2007,LAN
7/4/2007,PIT
7/4/2007,SDN
7/4/2007,SLN
7/4/2007,WAS
7/4/2007,BOS
7/4/2007,CHA
7/4/2007,DET
7/4/2007,KCA
7/4/2007,NYA
7/4/2007,OAK
7/4/2007,TEX
9/3/2007,ARI
9/3/2007,ATL
9/3/2007,CHN
9/3/2007,CIN
9/3/2007,COL
9/3/2007,MIL
9/3/2007,SLN
9/3/2007,WAS
9/3/2007,ANA
9/3/2007,BOS
9/3/2007,MIN
9/3/2007,NYA
9/3/2007,TBA
9/3/2007,TEX
3/25/2008,OAK
3/30/2008,WAS
3/31/2008,ATL
3/31/2008,CHN
3/31/2008,CIN
3/31/2008,ANA
3/31/2008,LAN
3/31/2008,PHI
3/31/2008,SDN
3/31/2008,BAL
3/31/2008,CLE
3/31/2008,DET
3/31/2008,MIN
3/31/2008,SEA
4/1/2008,SLN
4/1/2008,NYA
4/4/2008,COL
4/4/2008,MIL
4/4/2008,ANA
4/4/2008,TOR
4/7/2008,ARI
4/7/2008,HOU
4/7/2008,PIT
4/7/2008,SFN
4/7/2008,CHA
4/8/2008,NYN
4/8/2008,BOS
4/8/2008,KCA
4/8/2008,TBA
4/8/2008,TEX
5/26/2008,ATL
5/26/2008,CHN
5/26/2008,NYN
5/26/2008,PHI
5/26/2008,WAS
5/26/2008,ANA
5/26/2008,BAL
5/26/2008,CLE
5/26/2008,SEA
5/26/2008,TBA
7/4/2008,ARI
7/4/2008,ATL
7/4/2008,CIN
7/4/2008,COL
7/4/2008,MIL
7/4/2008,PHI
7/4/2008,SFN
7/4/2008,SLN
7/4/2008,ANA
7/4/2008,BAL
7/4/2008,CHA
7/4/2008,MIN
7/4/2008,NYA
7/4/2008,SEA
7/4/2008,TBA
9/1/2008,ARI
9/1/2008,CHN
9/1/2008,COL
9/1/2008,ANA
9/1/2008,LAN
9/1/2008,MIL
9/1/2008,WAS
9/1/2008,BOS
9/1/2008,CLE
9/1/2008,DET
9/1/2008,TEX
4/5/2009,PHI
4/6/2009,ARI
4/6/2009,CIN
4/6/2009,ANA
4/6/2009,HOU
4/6/2009,SDN
4/6/2009,SLN
4/6/2009,ANA
4/6/2009,BAL
4/6/2009,MIN
4/6/2009,TEX
4/6/2009,TOR
4/7/2009,SFN
4/7/2009,BOS
4/7/2009,CHA
4/10/2009,ATL
4/10/2009,COL
4/10/2009,MIL
4/10/2009,CLE
4/10/2009,DET
4/10/2009,KCA
4/10/2009,OAK
4/13/2009,CHN
4/13/2009,LAN
4/13/2009,NYN
4/13/2009,PIT
4/13/2009,WAS
4/13/2009,TBA
4/14/2009,SEA
4/16/2009,NYA
5/25/2009,ARI
5/25/2009,CHN
5/25/2009,CIN
5/25/2009,COL
5/25/2009,MIL
5/25/2009,NYN
5/25/2009,PHI
5/25/2009,SFN
5/25/2009,ANA
5/25/2009,BAL
5/25/2009,CLE
5/25/2009,KCA
5/25/2009,MIN
5/25/2009,OAK
5/25/2009,TEX
7/1/2009,TOR
7/3/2009,CHN
7/3/2009,CIN
7/3/2009,COL
7/3/2009,ANA
7/3/2009,PHI
7/3/2009,SDN
7/3/2009,SFN
7/3/2009,WAS
7/3/2009,ANA
7/3/2009,BOS
7/3/2009,CLE
7/3/2009,KCA
7/3/2009,MIN
7/3/2009,NYA
7/3/2009,TEX
7/4/2009,CHN
7/4/2009,CIN
7/4/2009,COL
7/4/2009,ANA
7/4/2009,PHI
7/4/2009,SDN
7/4/2009,SFN
7/4/2009,WAS
7/4/2009,ANA
7/4/2009,BOS
7/4/2009,CLE
7/4/2009,KCA
7/4/2009,MIN
7/4/2009,NYA
7/4/2009,TEX
9/7/2009,ARI
9/7/2009,COL
9/7/2009,HOU
9/7/2009,MIL
9/7/2009,PIT
9/7/2009,SFN
9/7/2009,CHA
9/7/2009,KCA
9/7/2009,NYA
9/7/2009,NYA
9/7/2009,TOR
4/4/2010,BOS
4/5/2010,ANA
4/5/2010,CHA
4/5/2010,KCA
4/5/2010,OAK
4/5/2010,TEX
4/5/2010,ARI
4/5/2010,ATL
4/5/2010,CIN
4/5/2010,HOU
4/5/2010,MIL
4/5/2010,NYN
4/5/2010,PIT
4/5/2010,WAS
4/6/2010,TBA
4/9/2010,BAL
4/9/2010,DET
4/9/2010,COL
4/9/2010,ANA
4/9/2010,SFN
4/12/2010,CLE
4/12/2010,MIN
4/12/2010,SEA
4/12/2010,TOR
4/12/2010,CHN
4/12/2010,PHI
4/12/2010,SDN
4/12/2010,SLN
4/13/2010,NYA
4/13/2010,LAN
5/31/2010,DET
5/31/2010,KCA
5/31/2010,NYA
5/31/2010,SEA
5/31/2010,ATL
5/31/2010,ANA
5/31/2010,HOU
5/31/2010,LAN
5/31/2010,PIT
5/31/2010,SDN
5/31/2010,SFN
5/31/2010,SLN
7/4/2010,ANA
7/4/2010,BOS
7/4/2010,CLE
7/4/2010,DET
7/4/2010,MIN
7/4/2010,NYA
7/4/2010,TEX
7/4/2010,ARI
7/4/2010,ATL
7/4/2010,CHN
7/4/2010,COL
7/4/2010,PIT
7/4/2010,SDN
7/4/2010,SLN
7/4/2010,WAS
7/5/2010,CHA
7/5/2010,DET
7/5/2010,OAK
7/5/2010,SEA
7/5/2010,TBA
7/5/2010,TEX
7/5/2010,ARI
7/5/2010,LAN
7/5/2010,MIL
7/5/2010,NYN
7/5/2010,PHI
9/6/2010,ANA
9/6/2010,BOS
9/6/2010,DET
9/6/2010,MIN
9/6/2010,NYA
9/6/2010,OAK
9/6/2010,TOR
9/6/2010,ARI
9/6/2010,CHN
9/6/2010,COL
9/6/2010,MIL
9/6/2010,PHI
9/6/2010,PHI
9/6/2010,PIT
9/6/2010,SDN
9/6/2010,WAS
3/31/2011,CIN
3/31/2011,LAN
3/31/2011,SLN
3/31/2011,WAS
3/31/2011,KCA
3/31/2011,NYA
4/1/2011,CHN
4/1/2011,COL
4/1/2011,ANA
4/1/2011,PHI
4/1/2011,CLE
4/1/2011,OAK
4/1/2011,TBA
4/1/2011,TEX
4/1/2011,TOR
4/4/2011,MIL
4/4/2011,BAL
4/5/2011,SDN
4/7/2011,PIT
4/7/2011,CHA
4/8/2011,ARI
4/8/2011,ATL
4/8/2011,HOU
4/8/2011,NYN
4/8/2011,SFN
4/8/2011,ANA
4/8/2011,BOS
4/8/2011,DET
4/8/2011,MIN
4/8/2011,SEA
5/30/2011,ARI
5/30/2011,ATL
5/30/2011,CHN
5/30/2011,CIN
5/30/2011,LAN
5/30/2011,NYN
5/30/2011,SLN
5/30/2011,WAS
5/30/2011,BOS
5/30/2011,DET
5/30/2011,KCA
5/30/2011,OAK
5/30/2011,SEA
5/30/2011,TBA
7/1/2011,TOR
7/4/2011,ATL
7/4/2011,ANA
7/4/2011,LAN
7/4/2011,MIL
7/4/2011,PIT
7/4/2011,SFN
7/4/2011,SLN
7/4/2011,WAS
7/4/2011,ANA
7/4/2011,BOS
7/4/2011,CHA
7/4/2011,CLE
7/4/2011,MIN
7/4/2011,OAK
7/4/2011,TEX
9/5/2011,CHN
9/5/2011,COL
9/5/2011,ANA
9/5/2011,PHI
9/5/2011,PIT
9/5/2011,SDN
9/5/2011,SLN
9/5/2011,WAS
9/5/2011,ANA
9/5/2011,CLE
9/5/2011,MIN
9/5/2011,MIN
9/5/2011,NYA
9/5/2011,OAK
9/5/2011,TBA
9/5/2011,TOR
3/28/2012,OAK
4/4/2012,MIA
4/5/2012,CLE
4/5/2012,DET
4/5/2012,CHN
4/5/2012,CIN
4/5/2012,NYN
4/5/2012,PIT
4/5/2012,SDN
4/6/2012,ANA
4/6/2012,BAL
4/6/2012,TBA
4/6/2012,TEX
4/6/2012,ARI
4/6/2012,HOU
4/6/2012,MIL
4/9/2012,MIN
4/9/2012,TOR
4/9/2012,COL
4/9/2012,PHI
4/10/2012,LAN
4/12/2012,WAS
4/13/2012,BOS
4/13/2012,CHA
4/13/2012,KCA
4/13/2012,NYA
4/13/2012,SEA
4/13/2012,ATL
4/13/2012,SFN
4/13/2012,SLN
5/28/2012,ANA
5/28/2012,BOS
5/28/2012,CLE
5/28/2012,MIN
5/28/2012,TBA
5/28/2012,TEX
5/28/2012,ATL
5/28/2012,CHN
5/28/2012,COL
5/28/2012,COL
5/28/2012,LAN
5/28/2012,MIA
5/28/2012,NYN
5/28/2012,PIT
5/28/2012,SFN
7/1/2012,TOR
7/4/2012,CHA
7/4/2012,CLE
7/4/2012,DET
7/4/2012,OAK
7/4/2012,SEA
7/4/2012,TBA
7/4/2012,ARI
7/4/2012,ATL
7/4/2012,LAN
7/4/2012,MIL
7/4/2012,NYN
7/4/2012,PIT
7/4/2012,SLN
7/4/2012,WAS
9/3/2012,CHA
9/3/2012,DET
9/3/2012,KCA
9/3/2012,OAK
9/3/2012,SEA
9/3/2012,TBA
9/3/2012,TOR
9/3/2012,ATL
9/3/2012,CIN
9/3/2012,LAN
9/3/2012,MIA
9/3/2012,PIT
9/3/2012,SFN
9/3/2012,SLN
9/3/2012,WAS
3/31/2013,HOU
4/1/2013,CHA
4/1/2013,MIN
4/1/2013,NYA
4/1/2013,OAK
4/1/2013,ARI
4/1/2013,ATL
4/1/2013,CIN
4/1/2013,LAN
4/1/2013,MIL
4/1/2013,NYN
4/1/2013,PIT
4/1/2013,WAS
4/2/2013,TBA
4/2/2013,TOR
4/5/2013,BAL
4/5/2013,DET
4/5/2013,TEX
4/5/2013,COL
4/5/2013,PHI
4/5/2013,SFN
4/8/2013,BOS
4/8/2013,CLE
4/8/2013,KCA
4/8/2013,SEA
4/8/2013,CHN
4/8/2013,MIA
4/8/2013,SLN
4/9/2013,ANA
4/9/2013,SDN
5/27/2013,BOS
5/27/2013,CHA
5/27/2013,DET
5/27/2013,HOU
5/27/2013,KCA
5/27/2013,OAK
5/27/2013,SEA
5/27/2013,TBA
5/27/2013,ARI
5/27/2013,ARI
5/27/2013,CIN
5/27/2013,LAN
5/27/2013,MIL
5/27/2013,NYN
5/27/2013,WAS
7/1/2013,TOR
7/4/2013,ANA
7/4/2013,BOS
7/4/2013,CHA
7/4/2013,HOU
7/4/2013,KCA
7/4/2013,MIN
7/4/2013,OAK
7/4/2013,TEX
7/4/2013,ATL
7/4/2013,COL
7/4/2013,NYN
7/4/2013,PIT
7/4/2013,WAS
9/2/2013,ANA
9/2/2013,BOS
9/2/2013,CLE
9/2/2013,HOU
9/2/2013,KCA
9/2/2013,NYA
9/2/2013,OAK
9/2/2013,ARI
9/2/2013,ATL
9/2/2013,CHN
9/2/2013,CIN
9/2/2013,COL
9/2/2013,MIL
9/2/2013,PHI
9/2/2013,SDN
3/22/2014,ARI
3/30/2014,SDN
3/31/2014,ANA
3/31/2014,BAL
3/31/2014,CHA
3/31/2014,DET
3/31/2014,OAK
3/31/2014,TBA
3/31/2014,TEX
3/31/2014,CIN
3/31/2014,MIA
3/31/2014,MIL
3/31/2014,NYN
3/31/2014,PIT
4/1/2014,HOU
4/4/2014,BOS
4/4/2014,CLE
4/4/2014,KCA
4/4/2014,TOR
4/4/2014,CHN
4/4/2014,COL
4/4/2014,LAN
4/4/2014,WAS
4/7/2014,MIN
4/7/2014,NYA
4/7/2014,SLN
4/8/2014,SEA
4/8/2014,ATL
4/8/2014,PHI
4/8/2014,SFN
5/26/2014,CHA
5/26/2014,KCA
5/26/2014,MIN
5/26/2014,OAK
5/26/2014,SEA
5/26/2014,ARI
5/26/2014,ATL
5/26/2014,LAN
5/26/2014,MIL
5/26/2014,NYN
5/26/2014,PHI
5/26/2014,SFN
5/26/2014,SLN
5/26/2014,WAS
7/1/2014,TOR
7/4/2014,ANA
7/4/2014,CHA
7/4/2014,CLE
7/4/2014,DET
7/4/2014,MIN
7/4/2014,OAK
7/4/2014,ATL
7/4/2014,CIN
7/4/2014,COL
7/4/2014,NYN
7/4/2014,PIT
7/4/2014,SDN
7/4/2014,SLN
7/4/2014,WAS
9/1/2014,BAL
9/1/2014,CLE
9/1/2014,KCA
9/1/2014,OAK
9/1/2014,TBA
9/1/2014,ATL
9/1/2014,CHN
9/1/2014,COL
9/1/2014,LAN
9/1/2014,MIA
9/1/2014,SDN
9/1/2014,SLN
4/5/2015,CHN
4/6/2015,DET
4/6/2015,HOU
4/6/2015,KCA
4/6/2015,NYA
4/6/2015,OAK
4/6/2015,SEA
4/6/2015,TBA
4/6/2015,ARI
4/6/2015,CIN
4/6/2015,LAN
4/6/2015,MIA
4/6/2015,MIL
4/6/2015,PHI
4/6/2015,WAS
4/9/2015,SDN
4/10/2015,ANA
4/10/2015,BAL
4/10/2015,CHA
4/10/2015,CLE
4/10/2015,TEX
4/10/2015,ATL
4/10/2015,COL
4/13/2015,BOS
4/13/2015,MIN
4/13/2015,TOR
4/13/2015,NYN
4/13/2015,PIT
4/13/2015,SFN
4/13/2015,SLN
5/25/2015,ANA
5/25/2015,BAL
5/25/2015,CLE
5/25/2015,MIN
5/25/2015,NYA
5/25/2015,OAK
5/25/2015,TBA
5/25/2015,CHN
5/25/2015,CIN
5/25/2015,LAN
5/25/2015,MIL
5/25/2015,NYN
5/25/2015,PIT
5/25/2015,SLN
7/1/2015,TOR
7/3/2015,BOS
7/3/2015,CHA
7/3/2015,DET
7/3/2015,KCA
7/3/2015,NYA
7/3/2015,OAK
7/3/2015,TEX
7/3/2015,ARI
7/3/2015,ATL
7/3/2015,CHN
7/3/2015,CIN
7/3/2015,LAN
7/3/2015,PIT
7/3/2015,SLN
7/3/2015,WAS
7/4/2015,BOS
7/4/2015,CHA
7/4/2015,DET
7/4/2015,KCA
7/4/2015,NYA
7/4/2015,OAK
7/4/2015,TEX
7/4/2015,ARI
7/4/2015,ATL
7/4/2015,CHN
7/4/2015,CIN
7/4/2015,LAN
7/4/2015,PIT
7/4/2015,SLN
7/4/2015,WAS
9/7/2015,ANA
9/7/2015,BOS
9/7/2015,CHA
9/7/2015,DET
9/7/2015,KCA
9/7/2015,NYA
9/7/2015,OAK
9/7/2015,SEA
9/7/2015,ARI
9/7/2015,CIN
9/7/2015,MIA
9/7/2015,PHI
9/7/2015,SDN
9/7/2015,SLN
9/7/2015,WAS
4/3/2016,KCA
4/3/2016,TBA
4/3/2016,PIT
4/4/2016,ANA
4/4/2016,BAL
4/4/2016,OAK
4/4/2016,TEX
4/4/2016,ARI
4/4/2016,ATL
4/4/2016,CIN
4/4/2016,MIL
4/4/2016,SDN
4/5/2016,CLE
4/5/2016,NYA
4/5/2016,MIA
4/7/2016,SFN
4/7/2016,WAS
4/8/2016,CHA
4/8/2016,DET
4/8/2016,SEA
4/8/2016,TOR
4/8/2016,COL
4/8/2016,NYN
4/11/2016,BOS
4/11/2016,HOU
4/11/2016,MIN
4/11/2016,CHN
4/11/2016,PHI
4/11/2016,SLN
4/12/2016,LAN
5/30/2016,ANA
5/30/2016,BAL
5/30/2016,CLE
5/30/2016,KCA
5/30/2016,OAK
5/30/2016,SEA
5/30/2016,ARI
5/30/2016,ATL
5/30/2016,CHN
5/30/2016,COL
5/30/2016,MIA
5/30/2016,MIL
5/30/2016,NYN
5/30/2016,PHI
7/1/2016,TOR
7/4/2016,BOS
7/4/2016,CHA
7/4/2016,CLE
7/4/2016,HOU
7/4/2016,MIN
7/4/2016,TBA
7/4/2016,ARI
7/4/2016,CHN
7/4/2016,LAN
7/4/2016,NYN
7/4/2016,PHI
7/4/2016,SFN
7/4/2016,SLN
7/4/2016,WAS
9/5/2016,CHA
9/5/2016,CLE
9/5/2016,MIN
9/5/2016,NYA
9/5/2016,OAK
9/5/2016,SEA
9/5/2016,TBA
9/5/2016,CIN
9/5/2016,COL
9/5/2016,LAN
9/5/2016,MIA
9/5/2016,MIL
9/5/2016,PIT
9/5/2016,SDN
9/5/2016,WAS
4/2/2017,ARI
4/2/2017,SLN
4/2/2017,TBA
4/3/2017,CIN
4/3/2017,LAN
4/3/2017,MIL
4/3/2017,NYN
4/3/2017,WAS
4/3/2017,BAL
4/3/2017,BOS
4/3/2017,HOU
4/3/2017,MIN
4/3/2017,OAK
4/3/2017,TEX
4/4/2017,CHA
4/7/2017,COL
4/7/2017,PHI
4/7/2017,PIT
4/7/2017,SDN
4/7/2017,ANA
4/7/2017,DET
4/10/2017,CHN
4/10/2017,SFN
4/10/2017,KCA
4/10/2017,NYA
4/10/2017,SEA
4/11/2017,MIA
4/11/2017,CLE
4/11/2017,TOR
4/14/2017,ATL
5/29/2017,COL
5/29/2017,MIA
5/29/2017,NYN
5/29/2017,PIT
5/29/2017,SDN
5/29/2017,SFN
5/29/2017,SLN
5/29/2017,ANA
5/29/2017,BAL
5/29/2017,CHA
5/29/2017,CLE
5/29/2017,KCA
5/29/2017,MIN
5/29/2017,TEX
7/1/2017,TOR
7/4/2017,ATL
7/4/2017,CHN
7/4/2017,COL
7/4/2017,LAN
7/4/2017,MIL
7/4/2017,PHI
7/4/2017,SLN
7/4/2017,WAS
7/4/2017,CLE
7/4/2017,DET
7/4/2017,MIN
7/4/2017,NYA
7/4/2017,OAK
7/4/2017,SEA
7/4/2017,TEX
9/4/2017,ATL
9/4/2017,CIN
9/4/2017,COL
9/4/2017,LAN
9/4/2017,MIA
9/4/2017,NYN
9/4/2017,PIT
9/4/2017,SDN
9/4/2017,BAL
9/4/2017,BOS
9/4/2017,CHA
9/4/2017,DET
9/4/2017,OAK
9/4/2017,SEA
9/4/2017,TBA
